{
  "start_time": 1746970511.574497,
  "end_time": 1746970580.6045692,
  "total_moves": 35,
  "white_moves": 18,
  "black_moves": 17,
  "captured_pieces": {
    "white": [
      "pawn",
      "pawn",
      "pawn",
      "bishop",
      "knight",
      "pawn",
      "rook"
    ],
    "black": [
      "knight",
      "pawn",
      "bishop"
    ]
  },
  "castling_events": {
    "white": 1,
    "black": 1
  },
  "en_passant_moves": 0,
  "pawn_promotions": [],
  "check_events": 3,
  "move_times": [
    3.375544786453247,
    1.037140130996704,
    1.0688798427581787,
    1.7937521934509277,
    1.4406089782714844,
    1.260516881942749,
    1.2552800178527832,
    2.4382758140563965,
    2.6804182529449463,
    2.4802300930023193,
    2.5197136402130127,
    0.9974982738494873,
    1.7960748672485352,
    0.7329349517822266,
    2.3297791481018066,
    1.1730709075927734,
    0.8283231258392334,
    0.7000200748443604,
    0.7317988872528076,
    4.419841051101685,
    0.9766569137573242,
    1.6327779293060303,
    1.6684999465942383,
    2.229599952697754,
    1.5024073123931885,
    3.908599853515625,
    5.604418039321899,
    2.70346999168396,
    1.7727339267730713,
    1.6295969486236572,
    5.014178991317749,
    1.209961175918579,
    1.0919430255889893,
    1.0180480480194092,
    1.9990410804748535
  ],
  "piece_moves": {
    "pawn": 9,
    "knight": 6,
    "bishop": 7,
    "rook": 1,
    "queen": 7,
    "king": 5
  },
  "board_positions": [
    [
      4,
      3
    ],
    [
      4,
      4
    ],
    [
      5,
      2
    ],
    [
      2,
      5
    ],
    [
      2,
      3
    ],
    [
      5,
      5
    ],
    [
      3,
      2
    ],
    [
      3,
      5
    ],
    [
      6,
      0
    ],
    [
      4,
      6
    ],
    [
      2,
      2
    ],
    [
      6,
      7
    ],
    [
      6,
      4
    ],
    [
      7,
      5
    ],
    [
      7,
      3
    ],
    [
      6,
      4
    ],
    [
      6,
      4
    ],
    [
      6,
      4
    ],
    [
      6,
      4
    ],
    [
      3,
      4
    ],
    [
      3,
      4
    ],
    [
      3,
      4
    ],
    [
      4,
      6
    ],
    [
      4,
      6
    ],
    [
      3,
      4
    ],
    [
      4,
      7
    ],
    [
      7,
      4
    ],
    [
      1,
      3
    ],
    [
      5,
      6
    ],
    [
      7,
      7
    ],
    [
      4,
      7
    ],
    [
      6,
      6
    ],
    [
      5,
      6
    ],
    [
      7,
      7
    ],
    [
      6,
      7
    ]
  ],
  "winner": "white",
  "game_type": "standard"
}