{
  "start_time": 1746971657.4969442,
  "end_time": 1746971753.988561,
  "total_moves": 41,
  "white_moves": 22,
  "black_moves": 19,
  "captured_pieces": {
    "white": [
      "pawn",
      "pawn",
      "pawn",
      "pawn",
      "pawn",
      "pawn"
    ],
    "black": [
      "pawn",
      "pawn",
      "pawn"
    ]
  },
  "castling_events": {
    "white": 0,
    "black": 0
  },
  "en_passant_moves": 0,
  "pawn_promotions": [],
  "check_events": 3,
  "move_times": [
    6.7408483028411865,
    0.9942708015441895,
    1.2969532012939453,
    1.5586650371551514,
    1.3128697872161865,
    0.8710479736328125,
    0.9822289943695068,
    6.481309175491333,
    0.9394707679748535,
    1.2228453159332275,
    1.0811169147491455,
    1.310425043106079,
    2.0513617992401123,
    1.1094629764556885,
    0.7661440372467041,
    0.7698101997375488,
    1.4542789459228516,
    1.0295908451080322,
    1.026860237121582,
    5.878572702407837,
    1.4328391551971436,
    2.779716968536377,
    2.2144858837127686,
    1.2518091201782227,
    3.494931936264038,
    1.0172641277313232,
    0.8894259929656982,
    2.271580934524536,
    13.78153395652771,
    1.8074321746826172,
    1.3543789386749268,
    3.6577048301696777,
    1.2943181991577148,
    2.3886449337005615,
    1.747067928314209,
    4.32619309425354,
    1.8935821056365967,
    4.095932960510254,
    1.4443368911743164,
    2.16375994682312,
    1.3749079704284668
  ],
  "piece_moves": {
    "pawn": 24,
    "knight": 7,
    "bishop": 4,
    "rook": 0,
    "queen": 6,
    "king": 0
  },
  "board_positions": [
    [
      4,
      3
    ],
    [
      4,
      4
    ],
    [
      5,
      2
    ],
    [
      2,
      5
    ],
    [
      2,
      3
    ],
    [
      3,
      5
    ],
    [
      5,
      6
    ],
    [
      4,
      3
    ],
    [
      4,
      4
    ],
    [
      5,
      2
    ],
    [
      2,
      5
    ],
    [
      2,
      2
    ],
    [
      2,
      4
    ],
    [
      3,
      3
    ],
    [
      3,
      3
    ],
    [
      3,
      3
    ],
    [
      1,
      5
    ],
    [
      3,
      4
    ],
    [
      1,
      7
    ],
    [
      4,
      4
    ],
    [
      5,
      5
    ],
    [
      7,
      4
    ],
    [
      3,
      4
    ],
    [
      5,
      6
    ],
    [
      3,
      3
    ],
    [
      3,
      4
    ],
    [
      2,
      3
    ],
    [
      4,
      5
    ],
    [
      4,
      2
    ],
    [
      2,
      3
    ],
    [
      2,
      3
    ],
    [
      0,
      4
    ],
    [
      0,
      3
    ],
    [
      1,
      4
    ],
    [
      1,
      4
    ],
    [
      0,
      3
    ],
    [
      5,
      2
    ],
    [
      0,
      2
    ],
    [
      1,
      2
    ],
    [
      4,
      4
    ],
    [
      5,
      6
    ]
  ],
  "winner": "white",
  "game_type": "standard"
}