{
  "start_time": 1746971657.4969442,
  "end_time": 1746971704.804648,
  "total_moves": 24,
  "white_moves": 13,
  "black_moves": 11,
  "captured_pieces": {
    "white": [
      "pawn",
      "pawn",
      "pawn"
    ],
    "black": [
      "pawn",
      "pawn"
    ]
  },
  "castling_events": {
    "white": 0,
    "black": 0
  },
  "en_passant_moves": 0,
  "pawn_promotions": [],
  "check_events": 2,
  "move_times": [
    6.7408483028411865,
    0.9942708015441895,
    1.2969532012939453,
    1.5586650371551514,
    1.3128697872161865,
    0.8710479736328125,
    0.9822289943695068,
    6.481309175491333,
    0.9394707679748535,
    1.2228453159332275,
    1.0811169147491455,
    1.310425043106079,
    2.0513617992401123,
    1.1094629764556885,
    0.7661440372467041,
    0.7698101997375488,
    1.4542789459228516,
    1.0295908451080322,
    1.026860237121582,
    5.878572702407837,
    1.4328391551971436,
    2.779716968536377,
    2.2144858837127686,
    1.2518091201782227
  ],
  "piece_moves": {
    "pawn": 10,
    "knight": 7,
    "bishop": 3,
    "rook": 0,
    "queen": 4,
    "king": 0
  },
  "board_positions": [
    [
      4,
      3
    ],
    [
      4,
      4
    ],
    [
      5,
      2
    ],
    [
      2,
      5
    ],
    [
      2,
      3
    ],
    [
      3,
      5
    ],
    [
      5,
      6
    ],
    [
      4,
      3
    ],
    [
      4,
      4
    ],
    [
      5,
      2
    ],
    [
      2,
      5
    ],
    [
      2,
      2
    ],
    [
      2,
      4
    ],
    [
      3,
      3
    ],
    [
      3,
      3
    ],
    [
      3,
      3
    ],
    [
      1,
      5
    ],
    [
      3,
      4
    ],
    [
      1,
      7
    ],
    [
      4,
      4
    ],
    [
      5,
      5
    ],
    [
      7,
      4
    ],
    [
      3,
      4
    ],
    [
      5,
      6
    ]
  ],
  "winner": "white",
  "game_type": "standard"
}